http://www.americancolorlabs.com,"American Color Labs, Inc"
http://www.antunovich.com,Antunovich Associates
https://bucom.com,Bucom International
www.dterecycling.com,"Down To Earth Recycling, Inc"
http://www.environmentalsolutionsinc.com,"Environmental Solutions, Inc"
http://www.ffbuilders.com,F F Builders
http://www.fusionss.com,Fusion Software Technology
https://www.haugaard.com,Haugard Creative
http://illinoiscom.com,"Illinois Communications Sales, Inc."
http://interactivedesignarchitects.com,"Interactive Design Architects, Inc"
